NATURE BOOKS
This Checklist is based on: Lynx Nature Books (2024) Neotropical Primates.
Lynx Illustrated Checklists. Lynx Nature Books, Barcelona.
For more information and samples of the book visit www.lynxnaturebooks.com.
Checklist of the
Neotropical Primates
NATURE BOOKS– 2 –
MARMOSETS, GOELDI’S MONKEY, TAMARINS AND LION TAMARINS · CALLITRICHIDAE · p. 46
Northern Pygmy Marmoset Cebuella pygmaea VU Brazil, Colombia, Ecuador, Peru
Mono de Bolsillo (BO), Mico-leãozinho (BR), Leoncillo (CO), Leoncito (CO, PE), Leoncillo del norte (EC), Tití pigmeo del norte (EC)
Southern Pygmy Marmoset Cebuella niveiventris VU Bolivia, Brazil, Ecuador, Peru
Tití pigmeo (BO), Mono de Bolsillo (BO, PE), Mico-leãozinho (BR), Leoncito (CO, PE), Leoncillo del sur (EC, PE), Tití pigmeo del sur (EC), Tití enano (PE)
Black-crowned Dwarf Marmoset Callibella humilis LC Brazil
Sauim-anão (BR), Soim (BR), Suim (BR)
Silvery Marmoset Mico argentatus LC Brazil
Souim-argênteo (BR), Choim (BR), Suim (BR)
Golden-white Bare-ear Marmoset Mico leucippe LC Brazil
Souim-branco (BR), Choim (BR), Suim (BR)
Snethlage’s Marmoset Mico emiliae LC Brazil
Mico-de-Emília (BR), Souim (BR), Choim (BR), Suim (BR)
Munduruku Marmoset Mico munduruku VU Brazil
Souim-dos-Munduruku (BR), Choim (BR), Suim (BR)
Schneider’s Marmoset Mico schneideri EN Brazil
Souim-de-Schneider (BR), Choim (BR), Suim (BR)
Black-and-white Tassel-ear Marmoset Mico humeralifer NT Brazil
Santarém Marmoset; Sagüi-de-Santarém (BR), Souim (BR), Choim (BR), Suim (BR)
Golden-white Tassel-ear Marmoset Mico chrysoleucos LC Brazil
Souim-dourado-e-branco (BR), Choim (BR), Suim (BR)
Maués Marmoset Mico mauesi LC Brazil
Souim-de-Maués (BR), Choim (BR), Suim (BR)
Sateré Marmoset Mico saterei LC Brazil
Souim-de-Sateré (BR), Choim (BR), Suim (BR)
Rio Acarí Marmoset Mico acariensis LC Brazil
Souim-do-rio-Acari (BR), Choim (BR), Suim (BR)
Black-headed Marmoset Mico nigriceps NT Brazil
Souim-de-cabeça-preta (BR), Soim (BR), Suim (BR)
Marca’s Marmoset Mico marcai VU Brazil
Souim-de-Marca (BR), Choim (BR), Suim (BR)
Rio Aripuanã Marmoset Mico intermedius LC Brazil
Souim-do-rio-Aripuanã (BR), Choim (BR), Suim (BR)
Black-tailed Marmoset Mico melanurus NT Bolivia, Brazil, Paraguay
Leoncito (BO), Tití de cola negra (BO, PY), Mico-de-rabo-preto (BR), Souim-de-rabo-preto (BR), Choim (BR), Suim (BR), Leoncito (BO), Mono eléctrico (PY)
Rondon’s Marmoset Mico rondoni VU Brazil
Sauim-de-Rondônia (BR), Soim (BR), Suim (BR)
Goeldi’s Monkey Callimico goeldii VU Bolivia, Brazil, Colombia, Peru
Mico de Goeldi (BO), Mico-de-Goeldi (BR), Taboqueiro (BR), Sauim-preto (BR), Diablillo (CO), Chichico negro (CO), Supay pichico (PE), Maquisapita (PE), Leoncillo (PE), Pichico (PE), Pichico falso de
Goeldi (PE)
White-tufted-ear Marmoset Callithrix jacchus LC Brazil
Sagüi-de-tufo-branco (BR), Sagüi-do-nordeste (BR)
Black-tufted-ear Marmoset Callithrix penicillata LC Brazil
Mico-estrela (BR), Sagüi-de-tufo-preto (BR)

NATURE BOOKS– 3 –
Wied’s Black-tufted-ear Marmoset Callithrix kuhlii VU Brazil
Sagüi-de-Wied (BR)
White-faced Marmoset Callithrix geoffroyi LC Brazil
Sagüi-da-cara-branca (BR)
Buffy-headed Marmoset Callithrix flaviceps CR Brazil
Sagüi-da serra (BR), Sagüi-da-serra-claro (BR), Sagüi-taquara (BR)
Buffy-tufted-ear Marmoset Callithrix aurita EN Brazil
Sagüi-da-serra-escuro (BR), Sagüi-caveirinha (BR)
Spix’s Black-mantled Tamarin Leontocebus nigricollis nigricollis LC Brazil, Colombia, Peru
Sauim-de-manto-preto (BR), Bebeleche (CO), Boquiblanco (CO), Pichico barba blanca (PE)
Graells’s Black-mantled Tamarin Leontocebus nigricollis graellsi NT Colombia, Ecuador, Peru
Bebeleche (CO), Boquiblanco (CO), Chichico negro (EC), Tamarín de dorso negro (EC), Chichico del Napo (EC), Pichico barba blanca (PE)
Hernández-Camacho’s Black-mantled Tamarin Leontocebus nigricollis hernandezi LC Colombia
Bebeleche (CO), Boquiblanco (CO)
Lesson’s Saddle-back Tamarin Leontocebus fuscus LC Brazil, Colombia
Sauim-de-costas-malhadas-de-Lesson (BR), Soim (BR), Suim (BR), Bebeleche (CO), Pichico (CO)
Golden-mantled Saddle-back Tamarin Leontocebus tripartitus NT Ecuador, Peru
Chichico dorado (EC), Chichico de manto dorado (EC),Tamarín de dorso dorado (EC), Pichico dorado (PE)
Red-mantled Saddle-back Tamarin Leontocebus lagonotus LC Ecuador, Peru
Chichico rojo (EC), tamarín de dorso rojo (EC), Pichico común (PE)
Andean Saddle-back Tamarin Leontocebus leucogenys LC Peru
Pichico común (PE), Pichico andino (PE)
Illiger’s Saddle-back Tamarin Leontocebus illigeri NT Peru
Pichico común (PE)
Geoffroy’s Saddle-back Tamarin Leontocebus nigrifrons LC Peru
Pichico común (PE)
Spix’s Saddle-back Tamarin Leontocebus fuscicollis LC Brazil, Peru
Tamarino de cabeza amarilla (BO), Leoncito (BO). Sauim-de-costas-malhadas-de-Spix (BR), Soim (BR), Suim (BR), Pichico (PE), Pichico común (PE), Pichico de barba blanca (PE)
Cruz Lima’s Saddle-back Tamarin Leontocebus cruzlimai LC Brazil
Sauim-de-Cruz-Lima (BR), Soim (BR), Suim (BR)
Ávila-Pires’s Saddle-back Tamarin Leontocebus avilapiresi LC Brazil
Sauim-de-costas-malhadas-de-Ávila-Pires (BR), Soim (BR), Suim (BR)
Grey-fronted Saddle-back Tamarin Leontocebus mura NT Brazil
Sauim (BR), Soim (BR), Suim (BR)
Hershkovitz’s Saddle-back Tamarin Leontocebus primitivus DD Brazil
Sauim-de-costas-malhadas-de-Hershkovitz (BR), Soim (BR), Suim (BR)
Weddell’s Saddle-back Tamarin Leontocebus weddelli LC Bolivia, Brazil, Peru
Leoncito, Chichilo común (BO), Sauim-costas-malhadas-de-Weddell (BR), Soim (BR), Suim (BR)
White Saddle-back Tamarin Leontocebus melanoleucus LC Brazil, Peru
Sauim-branco (BR), Soim-branco (BR), Suim (BR), Pichico blanco (PE)
Spix’s Moustached Tamarin Tamarinus mystax LC Brazil, Peru
Sauim-de-bigode (BR), Bigodeiro (BR), Pichico barba blanca (PE), Cervecero (PE)
Red-capped Moustached Tamarin Tamarinus pileatus pileatus LC Brazil
Sauim (BR), Sauim-de-boca-branca (BR), Soim (BR)
White-rumped Moustached Tamarin Tamarinus pileatus pluto LC Brazil
Sauim-de-bigode (BR), Soim (BR)
Kulina’s Moustached Tamarin Tamarinus kulina NE Brazil
Sauim-de-bigode (BR), Soim (BR)
NATURE BOOKS– 4 –
Geoffroy’s Red-bellied Tamarin Tamarinus labiatus labiatus LC Bolivia, Brazil, Peru
Tamarino labiado (BO), Leoncito (BO), Sauim (BR), Soim (BR), Pichico de barriga anaranjada (PE), Huapito (PE)
Gray’s Red-bellied Tamarin Tamarinus labiatus rufiventer LC Brazil
Sauim (BR), Soim (BR)
Thomas’s Red-bellied Tamarin Tamarinus thomasi LC Brazil
Sauim (BR), Soim (BR)
Black-chinned Emperor Tamarin Tamarinus imperator LC Brazil, Peru
Mono bigotudo (BO), Tamarino bigotudo (BO), Tití emperador (BO), Bigodeiro (BR), Pichico emperador (PE), Pichico bigotudo (PE)
Bearded Emperor Tamarin Tamarinus subgrisescens LC Bolivia, Brazil, Peru
Mono bigotudo (BO), Tamarino bigotudo (BO), Tití emperador (BO), Bigodeiro (BR), Pichico emperador (PE), Pichico bigotudo (PE)
Mottled-face Tamarin Tamarinus inustus LC Brazil, Colombia
Sauim-de-cara-manchada (BR), Soim (BR), Tití diablito (CO), Mico diablo (CO)
Golden-handed Tamarin Saguinus midas LC Brazil, French Guiana, Guyana, Suriname
Red-handed Tamarin; Sauim-de-mão-dourada (BR), Sauim-de-mão-vermelha (BR), Suim (BR), Soim (BR), Tamarin à mains dorées (GF), Kusi (SR), Saguwenke (SR), Sagoewintje (SR-NL), Roohandtam-
arin (SR), Surinaamse Zijde-aap (SR)
Western Black-handed Tamarin Saguinus niger VU Brazil
Souim-de-mão-preta-do-oeste (BR), Souim (BR), Choim (BR), Suim (BR), Guaribinha (BR)
Eastern Black-handed Tamarin Saguinus ursula VU Brazil
Souim-de-mão-preta-do-leste (BR), Souim (BR), Choim (BR), Suim (BR), Guaribinha (BR)
Pied Tamarin Saguinus bicolor CR Brazil
Sauim-de-coleira (BR), Sauim de-duas-cores (BR), Sauim-de-Manaus (BR), Sauim-bicolor (BR)
Martins’s Bare-faced Tamarin Saguinus martinsi martinsi NT Brazil
Sauim (BR), Souim (BR), Choim (BR), Suim (BR)
Ochraceous Bare-faced Tamarin Saguinus martinsi ochraceus NT Brazil
Sauim (BR), Soim (BR), Choim (BR), Suim (BR)
White-footed Tamarin Oedipomidas leucopus VU Colombia
Tití gris (CO)
Cotton-top Tamarin Oedipomidas oedipus CR Colombia
Tití cabeciblanco (CO), Tití cabeza de algodón (CO)
Geoffroy’s Tamarin Oedipomidas geoffroyi NT Colombia, Panama
Tití del Chocó (CO), Tití cabeciblanco (CO), Bichichi (CO), Mono tití panameño (PA)
Golden Lion Tamarin Leontopithecus rosalia EN Brazil
Mico-leão-dourado (BR), Saui-piranga (BR), Mico-leão-vermelho (BR)
Golden-headed Lion Tamarin Leontopithecus chrysomelas EN Brazil
Mico-leão-de-cara-dourada (BR), Mico-leão-baiano (BR)
Black Lion Tamarin Leontopithecus chrysopygus EN Brazil
Mico-leão-preto (BR)
Black-faced Lion Tamarin Leontopithecus caissara EN Brazil
Mico-leão-de-cara-preta (BR), Mico-leão-caiçara (BR)
SQUIRREL MONKEYS, GRACILE CAPUCHINS AND ROBUST CAPUCHINS · CEBIDAE · p. 68
Black-crowned Central American Squirrel Monkey Saimiri oerstedii oerstedii EN Costa Rica, Panama
Mono tití (CR, PA), Mono tití chiricano (PA), Mono ardilla (PA)
Grey-crowned Central American Squirrel Monkey Saimiri oerstedii citrinellus EN Costa Rica
Mono tití (CR)
Humboldt’s Squirrel Monkey Saimiri cassiquiarensis LC Brazil, Colombia, Venezuela
Macaco-de-cheiro-de-cabeça-branca (BR), Mono ardilla (CO)
NATURE BOOKS– 5 –
Colombian Squirrel Monkey Saimiri albigena VU Colombia
Mono ardilla (CO)
Ecuadorian Squirrel Monkey Saimiri macrodon LC Brazil, Colombia, Ecuador, Peru
Macaco-de-cheiro-comum (BR), Mono ardilla (CO, EC), Barizo (EC), Fraile (PE), Mono ardilla (PE), Huasa (PE)
Golden-backed Squirrel Monkey Saimiri ustus NT Brazil
Macaco-de-cheiro (BR), Macaco-esquilo (BR)
Guianan Squirrel Monkey Saimiri sciureus LC Brazil, French Guiana, Guyana, Suriname, Venezuela
Macaco-de-cheiro (BR), Boca-preta (BR), Jurupari (BR), Saïmiri (FG), Monki-monki (SR), Doodshoofdaapje (SR-NL), Doodskosaap (SR-NL)
Collins’s Squirrel Monkey Saimiri collinsi LC Brazil
Macaco-de-cheiro (BR)
Bolivian Squirrel Monkey Saimiri boliviensis boliviensis LC Bolivia, Brazil, Peru
Macaco-de-cheiro (BR), Chichilo (BO), Fraile (PE), Mono ardilla (PE), Huasa (PE), Frailecillo (Peru)
Peruvian Squirrel Monkey Saimiri boliviensis peruviensis LC Peru
Fraile (PE), Mono ardilla (PE), Huasa (PE)
Black-headed Squirrel Monkey Saimiri vanzolinii EN Brazil
Macaco-de-cheiro-de-cabeça-preta (BR)
Northern Black-horned Capuchin Sapajus nigritus NT Brazil
Macaco-prego (BR)
Southern Black-horned Capuchin Sapajus cucullatus NT Brazil, Argentina
Macaco-prego (BR), Caí (AR)
Hooded Capuchin Sapajus cay VU Argentina, Bolivia, Brazil, Paraguay
Caí (AR, PY), Silbador (BO), Mono martín (BO), Kai (BO), Macaco-prego-do-papo-amarelo (BR), Mono capuchino de Azara (PY)
Crested Capuchin Sapajus robustus EN Brazil
Macaco-prego-de-crista (BR)
Bearded Capuchin Sapajus libidinosus NT Brazil
Macaco-prego (BR)
Yellow-breasted Capuchin Sapajus xanthosternos CR Brazil
Macaco-prego-de-peito amarelo (BR), Pichicau (BR)
Blond Capuchin Sapajus flavius EN Brazil
Macaco-prego-dourado (BR), Macaco-prego-galego (BR)
Guianan Brown Capuchin Sapajus apella apella LC Brazil, Colombia, French Guiana, Guyana, Suriname, Venezuela
Silbador (BO), Macaco-prego (BR), Capucin Brun (GF), Sajou brun (GF), Keskesi (SR), Bruine Kapucijnaap (SR-NL), Zwarte Capucijneraap (SR-NL)
Margarita Island Capuchin Sapajus apella margaritae CR Venezuela (Isla de Margarita)
Mono capuchino pardo (VE)
Large-headed Capuchin Sapajus macrocephalus LC Bolivia, Brazil, Colombia, Ecuador, Peru
Macaco-prego (BR), Maicero (CO), Barizo (CO), Machin café (EC), Capuchino negro (EC) Machín negro (PE), Mono negro (PE), Mono capuchino pardo (VE)
Peruvian White-fronted Capuchin Cebus yuracus NT Brazil, Colombia, Ecuador, Peru
Caiarara (BR), Capuchino de frente blanca (EC), capuchino blanco del Marañón (EC), Machín blanco (PE), Mono blanco (PE)
Shock-headed Capuchin Cebus cuscinus NT Bolivia, Peru
Toranzo (BO), Machín blanco (BO, PE), Mono blanco (PE), Machín frontiblanco (PE)
Spix’s White-fronted Capuchin Cebus unicolor VU Bolivia, Brazil, Peru
Toranzo (BO), Caiarara (BR), Machín blanco (BO, PE), Mono blanco (PE)
Humboldt’s White-fronted Capuchin Cebus albifrons LC Brazil, Colombia, Venezuela
Caiarara (BR), Mono cariblanco (CO), Maicero cariblanco (CO), Mono blanco (PE), Machín blanco (PE), Mono capuchino cariblanco (VE)
Guianan Weeper Capuchin Cebus olivaceus LC Brazil, Guyana, Venezuela
Caiarara (BR), Caiara (BR), Mono capuchino común (VE)
Chestnut Weeper Capuchin Cebus castaneus LC Brazil, French Guiana, Guyana, Suriname
Caiarara (BR), Capucin à tête blanche (GF), Bergi keskesi (SR), Grijze Kapucijnaap (SR-NL)
NATURE BOOKS– 6 –
Ka’apor Capuchin Cebus kaapori CR Brazil
Caiarara (BR)
Sierra de Perijá White-fronted Capuchin Cebus leucocephalus VU Colombia, Venezuela
Mono cariblanco (CO), Mono capuchino cariblanco (VE)
Varied White-fronted Capuchin Cebus versicolor EN Colombia
Mono cariblanco (CO)
Río Cesar White-fronted Capuchin Cebus cesarae EN Colombia
Mono cariblanco (CO)
Santa Marta White-fronted Capuchin Cebus malitiosus EN Colombia
Mono cariblanco (CO)
Trinidad White-fronted Capuchin Cebus trinitatis CR Trinidad
Weeping Capuchin, Matchin
Ecuadorian White-fronted Capuchin Cebus aequatorialis CR Ecuador, Peru
Capuchino ecuatorial (EC), Capuchino blanco ecuatoriano (EC), Machín blanco (PE), Mono blanco (PE), Mono machín de Tumbes (PE), Mono Mico (PE)
Colombian White-faced Capuchin Cebus capucinus capucinus EN Panama, Colombia, Ecuador
Maicero capuchino (CO), Mono capuchino (CO, PA), Capuchino de cara blanca (EC), Mono cariblanco (PA)
Gorgona White-faced Capuchin Cebus capucinus curtus VU Colombia (Gorgona Is.)
Mono capuchino (CO)
Panamanian White-faced Capuchin Cebus imitator VU Costa Rica, Honduras, Nicaragua, Panama (including Coiba Is. & Jicarón Is.)
Mono carita (PA), Mono carilla (PA), Mono carablanca (PA, CR, HN, NI), Mono capuchino (PA, CR, HN, NI), Cariblanco (PA, CR, HN, NI)
NIGHT MONKEYS · AOTIDAE · p. 81
Panamanian Night Monkey Aotus zonalis NT Costa Rica (?), Panama, Colombia
Mono nocturno (CO), Mico de noche chocoano (CO), Marteja (CO, PA), Mono de noche (PA), Jujuná (PA)
Lemurine Night Monkey Aotus lemurinus VU Colombia, Ecuador, Venezuela
Mono nocturno (CO), Marteja (CO), Mico de noche andino (CO), Mono nocturno lemurino (EC)
Grey-legged Night Monkey Aotus griseimembra VU Colombia, Venezuela
Mono nocturno (CO), Marteja (CO), Mico de noche caribeño (CO)
Brumback’s Night Monkey Aotus brumbacki VU Colombia
Mono nocturno (CO), Marteja (CO), Mico de noche llanero (CO)
Humboldt’s Night Monkey Aotus trivirgatus LC Brazil, Colombia, Venezuela
Macaco-da-noite-de-pescoço-cinza (BR), Mono nocturno (CO), Marteja (CO), Mono de noche (VE)
Spix’s Night Monkey Aotus vociferans LC Brazil, Colombia, Ecuador, Peru
Macaco-da-noite-de-pescoço-cinza (BR), Mono nocturno (CO), Marteja (CO), Mico de noche amazónico (CO), Mono nocturno de Spix (EC), Musmuqui (PE), Buri-buri (PE)
Hernández-Camacho’s Night Monkey Aotus jorgehernandezi DD Colombia
Mono nocturno (CO), Marteja (CO)
Andean Night Monkey Aotus miconax EN Peru
Musmuqui (PE), Mono lhuza (PE), Tutamono (PE), Mono nocturno andino (PE), Tutacho (PE)
Ma’s Night Monkey Aotus nancymai VU Brazil, Colombia, Peru
Macaco-da-noite-de-Ma (BR), Mono-nocturno-de-Ma (BR), Mono nocturno (CO), Marteja (CO), Musmuqui (PE), Mono lechuza (PE)
Black-headed Night Monkey Aotus nigriceps LC Bolivia, Brazil, Peru
Mono nocturno (BO), Cuatro ojos (BO), Mono-michi (BO), Macaco-da noite-de-pescoço-vermelho (BR), Musmuqui (PE), Mono lechuza (PE), Mono nocturno cabecinegro (PE)
Azara’s Night Monkey Aotus azarae azarae DD Argentina, Bolivia, Brazil, Paraguay
Miriquiná (AR), Cuatro ojos (BO), Lechuza (BO), Mono-michi (BO), Mono nocturno (BO, PY), Macaco-da-noite (BR)
Bolivian Night Monkey Aotus azarae boliviensis DD Bolivia, Peru
Cuatro ojos (BO), Mono nocturno (BO), Lechuza (BO), Mono lechuza (PE), Mono nocturno de Azara (PE)
Feline Night Monkey Aotus azarae infulatus LC Brazil
Macaco-da-noite (BR)
NATURE BOOKS– 7 –
TITI MONKEYS, SAKIS, BEARDED SAKIS AND UACARIS · PITHECIIDAE · p. 86
Río Beni Titi Plecturocebus modestus EN Bolivia
Lucachi (BO)
Olalla Brothers’ Titi Plecturocebus olallae CR Bolivia
Ururo (BO)
White-eared Titi Plecturocebus donacophilus LC Bolivia, Brazil
Faca-faca (BO), Luchachi (BO), Zogue-zogue-de-orelha-branca (BR)
Pale Titi Plecturocebus pallescens LC Bolivia, Brazil, Paraguay
Ururo (BO), Zogue-zogue-pálido (BR), Mono tití (PY), Tití chaqueño (PY), Tití del Chaco (PY)
Ornate Titi Plecturocebus ornatus VU Colombia
Zogui zogui (CO), Mico tocón (CO), Tocón (CO)
Caquetá Titi Plecturocebus caquetensis CR Colombia
Zogui zogui (CO), Mico tocón (CO), Tocón (CO), Cotudo (CO), Zocay (CO), Chortantungue (CO)
San Martín Titi Plecturocebus oenanthe CR Peru
Titi do Río Mayo (PE), Mono tocón de San Martín (PE), Tocón colorado (PE), Tocón cobrizo (PE)
Coppery Titi Plecturocebus cupreus LC Brazil, Peru
Zogue-zogue-acobreado (BR), Guigó-acobreado (BR), Mico tocón (CO), Zogui zogui (CO), Tocón colorado (PE), Tocón cobrizo (PE)
Red-crowned Titi Plecturocebus discolor LC Colombia, Ecuador, Peru
Zogui zogui (CO), Cotoncillo rojo (EC), Tití rojizo (EC)
Chestnut-bellied Titi Plecturocebus caligatus LC Brazil
Zogue-zogue (BR)
Doubtful Titi Plecturocebus dubius LC Brazil
Zogue-zogue-de-Hershkovitz (BR), Guigó-duvidoso (BR)
Stephen Nash’s Titi Plecturocebus stephennashi DD Brazil
Zogue-zogue-de-Stephen-Nash (BR), Guigó de-Stephen-Nash (BR)
Ashy Titi Plecturocebus cinerascens LC Brazil
Zogue-zogue-cinzento (BR), Guigó-cinzento (BR)
Milton’s Titi Plecturocebus miltoni DD Brazil
Zogue-zogue-de-rabo-de-fogo (BR), Guigó-rabo-de-fogo (BR)
Hoffmanns’s Titi Plecturocebus hoffmannsi LC Brazil
Zogue-zogue-de-Hoffmanns (BR), Guigó-de-Hoffmanns (BR)
Lake Baptista Titi Plecturocebus baptista LC Brazil
Zogue-zogue-do-Lago-Baptista (BR), Guigó-do-Lago-Baptista (BR)
Red-bellied Titi Plecturocebus moloch LC Brazil
Zogue-zogue-vermelho-inchado (BR), Guigó-vermelho-inchado (BR)
Vieira’s Titi Plecturocebus vieirai CR Brazil
Zogue-zogue-de-Vieira (BR), Guigó-de-Vieira (BR)
Groves’s Titi Plecturocebus grovesi CR Brazil
Zogue-zogue-do-Mato-Grosso (BR)
Brown Titi Plecturocebus brunneus VU Bolivia, Brazil
Zogue-zogue-marrom (BR), Guigó-marrom (BR)
Prince Bernhard’s Titi Plecturocebus bernhardi LC Brazil
Zogue-zogue-do-Principe-Bernhard (BR), Guigó-de-Principe-Bernhard (BR)
Toppin’s Titi Plecturocebus toppini LC Bolivia, Brazil, Peru
Zogue-zogue-de-Toppin (BR), Tocón colorado (PE)
Urubamba Brown Titi Plecturocebus urubambensis LC Peru
Tocón de Urubamba (PE)
NATURE BOOKS– 8 –
Madidi Titi Plecturocebus aureipalatii LC Bolivia, Peru
Luca-luca (BO), Lucachi (BO), Zogue-zogue (BR)
Medem’s Titi Cheracebus medemi VU Colombia
Zogui zogui (CO), Viudita (CO)
White-collared Titi Cheracebus torquatus LC Brazil
Zogue-zogue-de-colarinho-branco (BR), Guigó-de-colarinho-branco (BR)
White-chested Titi Cheracebus lugens LC Brazil, Colombia, Venezuela
Zogue-zogue-de-peito-branco (BR), Guigó-de-peito-branco (BR), Zogui zogui (CO), Viudita (CO), Mono viudita (VE)
Yellow-handed Titi Cheracebus lucifer LC Brazil, Colombia, Ecuador, Peru
Zogue-zogue-de-mão-amarela (BR), Guigó-de-mão-amarela (BR), Zogui zogui (CO), Viudita (CO), Cotoncillo de manos amarillas (EC), Tití de manos amarillas (EC), Tocón negro (PE), Tocón de collar (PE)
Juruá Collared Titi Cheracebus regulus LC Brazil
Zogue-zogue-do-rio-Juruá (BR), Guigó-de-colar-do-rio-Juruá (BR)
Aquino’s Collared Titi Cheracebus aquinoi NE Peru
Mono tocón de Aquino (PE)
Black-fronted Titi Callicebus nigrifrons NT Brazil
Guigó-de-frente-preto (BR), Sauá-de-cara-preta (BR), Guigó (BR)
Masked Titi Callicebus personatus VU Brazil
Guigó-mascarado (BR), Sauá-mascarado (BR)
Southern Bahian Titi Callicebus melanochir VU Brazil
Guigó-cinza (BR), Guigó-do-sul-da-Bahia (BR)
Coimbra-Filho’s Titi Callicebus coimbrai EN Brazil
Guigó-de-Coimbra-Filho (BR)
Blond Titi Callicebus barbarabrownae CR Brazil
Guigó-loiro (BR), Guigó-da-Caatinga (BR)
White-faced Saki Pithecia pithecia LC Brazil, French Guiana, Guyana, Suriname
Parauacu-de-cara-branca (BR), Saki à face pâle (FG), White-faced huruwa (GY), Wanakoe (SR), Witkopsaki (SR-NL), Mono viudo (VE)
Golden-faced Saki Pithecia chrysocephala LC Brazil
Parauacu (BR)
Hairy Saki Pithecia hirsuta LC Brazil, Colombia, Peru
Parauacu (BR), Mono volador (CO), Huapo (CO), Huapo negro (PE)
Miller’s Saki Pithecia milleri VU Colombia, Ecuador, Peru
Mono volador (CO), Huapo (CO), Parahuaco (EC), Saki de Miller (EC)
Geoffroy’s Monk Saki Pithecia monachus LC Brazil, Peru
Parauacu-monge (BR), Huapo negro (PE), Yana huapo (PE)
Burnished Saki Pithecia inusta LC Brazil, Peru
Parauacu (BR), Huapo negro (PE)
Cazuza’s Saki Pithecia cazuzai DD Brazil
Parauacu (BR)
Equatorial Saki Pithecia aequatorialis LC Ecuador, Peru
Parahuaco (EC), Saki ecuatorial (EC), Huapo negro (PE), Huapo Ecuatorial (PE)
Napo Saki Pithecia napensis LC Ecuador, Peru
Parahuaco (EC), Saki del Napo (EC), Huapo negro (PE)
Isabel’s Saki Pithecia isabela DD Peru
Huapo (PE)
Buffy Saki Pithecia albicans LC Brazil
Parauacu-castanho-amarelado (BR)
Gray’s Bald-faced Saki Pithecia irrorata DD Bolivia, Brazil, Peru
Parahuaco (BO), Parauacú-de-Gray (BR), Macaco-parauacú (BR), Huapo de Gray (PE)
NATURE BOOKS– 9 –
Vanzolini’s Bald-faced Saki Pithecia vanzolinii DD Brazil
Parauacu-de-Vanzolini (BR)
Mittermeier’s Tapajós Saki Pithecia mittermeieri VU Brazil
Parauacu (BR)
Pissinatti’s Bald-faced Saki Pithecia pissinattii DD Brazil
Parauacu (BR)
Red-nosed Bearded Saki Chiropotes albinasus VU Brazil
White-nosed Saki; Cuxiú-de-nariz-vermelho (BR)
Black Saki Chiropotes satanas EN Brazil
Cuxiú-preto (BR)
Rio Negro Bearded Saki Chiropotes chiropotes LC Brazil, Venezuela
Cuxiú-do-Rio-Negro (BR), Mono barbudo (VE)
Uta Hick’s Bearded Saki Chiropotes utahicki VU Brazil
Cuxiú-de-Uta-Hick (BR)
Guianan Bearded Saki Chiropotes sagulatus LC Brazil, French Guiana, Guyana, Suriname
Red-backed Bearded Saki, Cuxiú (BR), Saki satan (FG), Saki capucin (FG), Bisa (SR), Barba-man (SR), Wiché (SR), Baardsaki (SR-NL)
White Bald Uacari Cacajao calvus LC Brazil
Uacari-branco (BR)
Novaes’s Bald Uacari Cacajao novaesi VU Brazil
Uacari-de-Novaes (BR)
Red Bald Uacari Cacajao rubicundus LC Brazil, Colombia (?)
Uacari-vermelho (BR)
Ucayali Bald Uacari Cacajao ucayalii VU Brazil, Peru
Uacari-do-Río-Ucayali (BR), Huapo rojo (PE), Huapo colorado (PE), Mono inglés (PE), Puca huapo (PE)
Kanamari Bald Uacari Cacajao amuna NE Brazil
Uacari-dos-Kanamari (BR)
Humboldt’s Black-headed Uacari Cacajao melanocephalus LC Brazil, Venezuela
Uacari-preto (BR), Macaco-Bicó (BR), Acarí (BR), Acarí-bicó (BR), Colimocho (CO), Ichacha (CO), Mono chucuto (VE)
Neblina Black-headed Uacari Cacajao hosomi VU Brazil, Colombia, Venezuela
Uacari-preto-de-Neblina (BR), Colimocho (CO), Mono chucuto (VE)
Ayres’s Black-headed Uacari Cacajao ayresi LC Brazil
Uacari-preto- de-Araca (BR)
HOWLER MONKEYS, SPIDER MONKEYS, WOOLLY MONKEYS AND MURIQUIS · ATELIDAE · p. 111
Colombian Red Howler Alouatta seniculus seniculus LC Brazil, Colombia, Ecuador, Peru, Venezuela
Guariba-vermelha (BR), Aullador colorado (CO), Aullador rojo (CO, EC), Coto rojo (EC), Aullador colorado (CO), Araguato (PE), Coto (PE), Coto mono (PE), Aullador rojizo (PE), Keníri (PE), Yaniri (PE),
Mono araguato (VE)
Trinidad Red Howler Alouatta seniculus insulanus NE Trinidad
Guianan Red Howler Monkey, Howler; Macaque rouge
Juruá Red Howler Alouatta juara LC Brazil, Peru
Guariba-vermelha-do-Juruá (BR)
Purus Red Howler Alouatta puruensis VU Brazil, Peru
Guariba-vermelha-do-Purus (BR)
Ursine Red Howler Alouatta arctoidea LC Venezuela
Mono araguato (VE)
Guianan Red Howler Alouatta macconnelli LC Brazil, French Guiana, Guyana, Suriname, Venezuela
Guariba-vermelha-dos-Guianas (BR), Hurleur roux (GF), Baboen (SR), Rode brulaap (SR-NL), Mono araguato (VE)
NATURE BOOKS– 10 –
Bolivian Red Howler Alouatta sara NT Bolivia, Brazil, Peru
Manechi colorado (BO), Guariba-vermelha-de-Bolivia (BR), Coto (PE), Mono aullador (PE)
Amazon Black Howler Alouatta nigerrima LC Brazil
Guariba-preta-da-Amazônia (BR)
Red-Handed Howler Alouatta belzebul VU Brazil
Guariba-de-mãos-ruivas (BR), Guariba-de-mãos-vermelhas (BR), Guariba-preta (BR), Bugio-de-mãos-ruivas (BR), Guariba (BR), Górgo (BR)
Spix’s Howler Alouatta discolor VU Brazil
Guariba-preta (BR)
Maranhão Red-handed Howler Alouatta ululata EN Brazil
Guariba-preta-de-Maranhão (BR), Guariba-da-Caatinga (BR)
Brown Howler Alouatta guariba VU Argentina, Brazil
Aullador rojo (Ar), Bugio (BR), Bugio-ruivo (BR), Barbado (BR)
Black and Gold Howler Alouatta caraya NT Argentina, Bolivia, Brazil, Paraguay, Uruguay
Mono aullador negro y dorado (AR, PY), Carayá negro y dorado (AR, PY), Carayá (AR, PY), Manechi negro (BO), Bugio-preto (BR), Bugio-preto-e-dorado (BR)
Golden-mantled Howler Alouatta palliata palliata EN Costa Rica, Guatemala, Honduras, Nicaragua, Panama (?)
Mono aullador (CO), Mono Congo (CR), Aullador de manto dorado (EC), Mono Zaraguate (GT), Mono negro (PA)
Azuero Peninsula Howler Alouatta palliata trabeata EN Panama
Mono gun gun (PA), Mono kun kun (PA)
Coiba Island Howler Alouatta palliata coibensis EN Panama (Coiba Is, Jicarón Is)
Mono aullador de Coiba (PA)
Ecuadorian Mantled Howler Alouatta palliata aequatorialis VU Colombia, Ecuador, Panama, Peru
Aullador Negro (CO, EC), Mono coto de Tumbes (PE), Mono aullador (PA)
Mexican Mantled Howler Alouatta palliata mexicana EN Mexico
Zaraguate (MX), Saraguato café (MX), Mono aullador de manto (MX)
Central American Black Howler Alouatta pigra EN Belize, Guatemala, Mexico
Baboon (BZ), Mono Zaraguate (GT), Saraguato negro (MX), Mono aullador negro (MX)
Geoffroy’s Spider Monkey Ateles geoffroyi geoffroyi CR Nicaragua
Mono colorado (CR)
Azuero Spider Monkey Ateles geoffroyi azuerensis CR Panama
Mono charro (PA), Mono charao (PA), Mani larga (PA)
Black-browed Spider Monkey Ateles geoffroyi frontatus VU Costa Rica, Nicaragua
Mono colorado (CR)
Hooded Spider Monkey Ateles geoffroyi grisescens DD Panama, Colombia (?)
Mono araña gris del Darién (PA)
Ornate Spider Monkey Ateles geoffroyi ornatus VU Costa Rica, Nicaragua
Mono colorado (CR)
Mexican Spider Monkey Ateles geoffroyi vellerosus EN Belize, El Salvador, Guatemala, Honduras, Mexico
Monkey (BZ), Mono colorado (GT), Mono araña (MX)
Colombian Black Spider Monkey Ateles rufiventris VU Colombia, Panama
Marimonda (CO), Marimonda chocoana (CO), Mono araña (CO, PA), Mono araña negro del Darién (PA) Mono negro (PA), Mono yerre (PA)
Ecuadorian Spider Monkey Ateles fusciceps CR Ecuador
Mono araña de cabeza marrón (EC)
Black Spider Monkey Ateles chamek EN Bolivia, Brazil, Peru
Marimono (BO), Mono araña negro (BO, PE), Macaco-aranha-de-cara-preta (BR), Coatá-de-cara-preta (BR), Mono araña (BO, PE), Maquisapa (PE), Covéro (PE), Oshéto (PE)
Red-faced Black Spider Monkey Ateles paniscus VU Brazil, French Guiana, Guyana, Suriname
Macaco-aranha-de-cara-vermelha (BR), Coatá-de-cara-vermelha (BR), Atèle noir (GF), Kwatta (SR), Zwarte Spinaap (SR-NL)
White-whiskered Spider Monkey Ateles marginatus EN Brazil
Macaco-aranha-de-cara-branca (BR), Coatá-de-cara-branca (BR), Macaco-aranha-de-testa-branca (BR)
NATURE BOOKS– 11 –
White-bellied Spider Monkey Ateles belzebuth EN Brazil, Colombia, Ecuador, Peru, Venezuela
Macaco-aranha-de-barriga-branca (BR), Mono araña (CO, PE), Marimba (CO), Marimonda amazónica (CO), Mono araña de vientre amarillo (EC), Maquisapa (PE), Mono araña grisáceo (PE), Koshíri (PE),
Iempari (PE), Mono araña Común (VE)
Variegated Spider Monkey Ateles hybridus CR Colombia, Venezuela
Mono araña café (CO), Marimonda del Magdalena (CO), Choibo (CO), Mono araña Común (VE)
Humboldt’s Woolly Monkey Lagothrix lagothricha lagothricha VU Brazil, Colombia, Ecuador, Peru
Macaco-barrigudo (BR), Churuco (CO), Mono lanudo cenizo (EC), Chorongo cenizo (EC), Mono lanudo (EC, PE), Choro (PE)
Colombian Woolly Monkey Lagothrix lagothricha lugens CR Colombia
Churuco (CO), Mono lanudo (CO)
Grey Woolly Monkey Lagothrix lagothricha cana EN Brazil
Macaco-barrigudo (BR), Choro (PE), Mono lanudo (PE)
Poeppig’s Woolly Monkey Lagothrix lagothricha poeppigii EN Brazil, Ecuador, Peru
Macaco-barrigudo (BR), Mono lanudo rojizo (EC), Chorongo rojizo (EC), Choro (PE), Mono lanudo (PE), Mono choro común (PE)
Peruvian Woolly Monkey Lagothrix lagothricha tschudii DD Bolivia, Peru
Mono barrigudo (BO), Marimondo de frío (BO), Mono rosillo (BO), Mono lanudo (BO, PE), Choro (PE), Mono choro (PE)
Peruvian Yellow-tailed Woolly Monkey Lagothrix flavicauda CR Peru
Choro de cola amarilla (PE), Mono choro de cola amarilla (PE), Tupa (PE), Choba (PE)
Southern Muriqui Brachyteles arachnoides CR Brazil
Muriqui-do-sul (BR)
Northern Muriqui Brachyteles hypoxanthus CR Brazil
Muriqui-do-norte (BR), Mono carvoeiro (BR)
CARIBBEAN AFRICAN MONKEYS (INTRODUCED) · CERCOPITHECIDAE · p. 125
Green Monkey Chlorocebus sabaeus LC Barbados, St. Kitts and Nevis, St. Lucia, Sint Eustatius
Vervet Monkey Chlorocebus pygerythrus LC Saint-Martin/Sint Maarten & Anguilla
Mona Monkey Cercopithecus mona NT Grenada
Mona Guenon (GD)
Checklist of the Neotropical Primates
© Lynx Nature Books
Lynx Nature Books (2024) Neotropical Primates. Lynx Illustrated Checklists. Lynx Nature Books, Barcelona.
For more information and samples of the book visit www.lynxnaturebooks.com.

