Alouatta_belzebul_belzebul
Alouatta_guariba
Alouatta_palliata_aequatorialis
Alouatta_palliata_coibensis
Alouatta_palliata_mexicana
Alouatta_palliata_palliata
Alouatta_palliata_trabeata
Alouatta_stramineus
Aotus_azarai_azarai
Aotus_azarai_boliviensis
Aotus_azarai_infulatus
Ateles_belzebuth_marginatus
Ateles_fusciceps_robustus
Ateles_geoffroyi_azuerensis
Ateles_geoffroyi_frontatus
Ateles_geoffroyi_ornatus
Ateles_geoffroyi_panamensis
Ateles_geoffroyi_vellerosus
Ateles_geoffroyi_yucatanensis
Cacajao_rubicundus
Callicebus_personatus_nigrifrons
Cebus_olivaceus_castaneus
Chiropotes_chiropotes
Lagothrix_lugens
Lagothrix_poeppigii
Lagothrix_tschudii
Lagothrix_cana
Leontocebus_fuscicollis_fuscicollis
Saguinus_melanoleucus_
Saguinus_graellsi
Leontocebus_nigricollis_nigricollis
Callicebus_dubius
Saguinus_bicolor_bicolor
Saimiri_boliviensis
Saimiri_boliviensis_peruviensis
Saimiri_sciureus_cassiquiarensis
Saimiri_sciureus_macrodon
Saimiri_sciureus_collinsi
Saimiri_oerstedii_citrinellus
Saimiri_sciureus_sciureus
Sapajus_apella_apella
Sapajus_apella_margaritae
Saguinus_labiatus_labiatus
Saguinus_mystax_mystax
Aotus_sp._(in:_primates)
Ateles_sp.
Ateles_sp._EG-2017
Ateles_sp._haplotype_Abh10
Ateles_sp._haplotype_Abh11
Ateles_sp._haplotype_Abh19
Ateles_sp._haplotype_Afr19
Ateles_sp._haplotype_Afr20
Ateles_sp._haplotype_Afr21
Ateles_sp._haplotype_Afr27
Ateles_sp._haplotype_Agp13
Cacajao_sp._CTGAM5666
Callicebus_sp._1_MH-2016
Callicebus_sp._2_MH-2016
Callimico_sp.
Callithrix_sp.
Callithrix_sp._1_JM-2020
Callithrix_sp._2_JM-2020
Callithrix_sp._3_JM-2020
Callithrix_sp._4_JM-2020
Callithrix_sp._5_JM-2020
Callithrix_sp._6_JM-2020
Callithrix_sp._7_JM-2020
Callithrix_sp._8_JM-2020
Callithrix_sp._9_JM-2020
Callithrix_sp._10_JM-2020
Callithrix_sp._11_JM-2020
Callithrix_sp._12_JM-2020
Callithrix_sp._13_JM-2020
Callithrix_sp._14_JM-2020
Callithrix_sp._15_JM-2020
Callithrix_sp._16_JM-2020
Callithrix_sp._17_JM-2020
Callithrix_sp._18_JM-2020
Callithrix_sp._BJT022
Cebus_sp.
Cebus_sp._1_EG-2017
Cebus_sp._2_EG-2017
Chiropotes_sp.
Chiropotes_sp._CTGAM5363
Chiropotes_sp._CTGAM5663
Chiropotes_sp._ZFMK_2008.244
Lagothrix_sp._EG-2017
Mico_cf._emiliae
Mico_sp._n._MJ-2022
Pithecia_sp.
Pithecia_sp._MJ-2022
Pithecia_sp._UFPA_Pit22
Saguinus_geoffroyi_x_Saguinus_leucopus
Saguinus_oedipus_x_Saguinus_leucopus
Saguinus_sp._EG-2017
Saguinus_sp._MJ-2022
Saguinus_sp._SBBXSMA711
Saguinus_sp._SMIXSBB
Saimiri_sp.
Saimiri_sp._1_EG-2017
Saimiri_sp._2_EG-2017
Saimiri_sp._3_EG-2017
Sapajus_sp.
Sapajus_sp._10_FD-2018
Sapajus_sp._22_FD-2018
Sapajus_sp._9_FD-2018
Sapajus_sp._M12_FD-2018
Sapajus_sp._M39_FD-2018
Sapajus_sp._M5_FD-2018
Sapajus_sp._Pr035